"Time [us]","Current(p1) [A]","Current(s1) [A]","Current(s2) [A]","Current(s3) [A]","Current(s1)+Current(s2)+Current(s3) [A]"
0,0,0,0,0,0
0.01,0.0627905195293134,-0.0368840471595214,-0.0651953521986795,-0.0108606053065316,-0.112940004664733
0.02,0.125333233564304,-0.0390861361073674,-0.126011044587452,-0.0137028621526443,-0.178800042847464
0.03,0.187381314585725,-0.0205650642430955,-0.185966504211945,-0.0105885008588648,-0.217120069313905
0.04,0.248689887164855,0.0102466998461745,-0.244943961722067,-0.00391543188583275,-0.238612693761725
0.05,0.309016994374947,0.0482476119432343,-0.302765179669544,0.00485931134774946,-0.24965825637856
0.06,0.368124552684678,0.0903249991079639,-0.359236611344996,0.0148504098589333,-0.254061202378099
0.07,0.425779291565073,0.134550942313935,-0.414158296622942,0.0255129992523607,-0.254094355056646
0.08,0.481753674101715,0.179703719438777,-0.467329340831998,0.036504999142746,-0.251120622250475
0.09,0.535826794978997,0.224983274663784,-0.518551494207805,0.0476052503004595,-0.245962969243562
0.1,0.587785252292473,0.269842160431669,-0.567631590867546,0.058664864608173,-0.239124565827704
0.11,0.63742398974869,0.313885199187666,-0.614383295812236,0.0695783408800403,-0.23091975574453
0.12,0.684547105928689,0.356810036561194,-0.658628425457535,0.0802664432215123,-0.221551945674829
0.13,0.728968627421411,0.398372024062106,-0.70019799933416,0.0906660778624805,-0.211159897409574
0.14,0.770513242775789,0.438363573323868,-0.738933114457694,0.100724332657207,-0.199845208476619
0.15,0.809016994374947,0.476602110241981,-0.774685697765337,0.110394992543599,-0.187688594979757
0.16,0.844327925502015,0.512923141283185,-0.807319164396086,0.119636525251294,-0.174759497861607
0.17,0.876306680043864,0.547176343200634,-0.836709003550027,0.128410939738808,-0.161121720610585
0.18,0.90482705246602,0.579223445859056,-0.862743298981858,0.136683159900841,-0.146836693221961
0.19,0.929776485888251,0.608937163120539,-0.885323188880249,0.144420703303453,-0.131965322456257
0.2,0.951056516295154,0.636200734925303,-0.904363269634887,0.15159353689898,-0.116568997810604
0.21,0.968583161128631,0.660907817832552,-0.919791942320749,0.158174034147163,-0.100710090341034
0.22,0.982287250728689,0.682962565126495,-0.931551702526092,0.164136989865037,-0.08445214753456
0.23,0.992114701314478,0.702279804210619,-0.939599374114172,0.169459664252514,-0.0678599056510391
0.24,0.998026728428272,0.71878525386263,-0.943906285084281,0.174121841270549,-0.0509991899511019
0.25,1,0.732415747820547,-0.9444583862605,0.178105889970334,-0.0339367484696191
0.26,0.998026728428272,0.743119443153614,-0.941256311730134,0.181396824861969,-0.016740043714551
0.27,0.992114701314478,0.750856002034489,-0.934315381238375,0.183982359845516,0.000522980641630005
0.28,0.982287250728689,0.755596737759669,-0.923665544514552,0.185852954884968,0.017784148130085
0.29,0.968583161128631,0.757324721568251,-0.909351267648784,0.187001853133157,0.034975307052624
0.3,0.951056516295154,0.756034846396309,-0.891431362226973,0.187425108172532,0.0520285923418681
0.31,0.929776485888251,0.751733846313452,-0.869978757577296,0.187121600610493,0.0688766893466489
0.32,0.904827052466019,0.744440270445996,-0.845080217293256,0.186093043780506,0.085453096933246
0.33,0.876306680043864,0.734184410935068,-0.816836000928143,0.184343978489378,0.101692388496303
0.34,0.844327925502015,0.721008185405196,-0.785359472487022,0.18188175652207,0.117530469440244
0.35,0.809016994374947,0.704964973039798,-0.750776656867342,0.178716513050212,0.132904829222668
0.36,0.770513242775789,0.686119406420711,-0.713225746252539,0.174861128191338,0.14775478835951
0.37,0.728968627421412,0.664547118215704,-0.672856558708996,0.17033117746313,0.162021736969838
0.38,0.684547105928689,0.640334444936942,-0.629829950055144,0.165144871690975,0.175649366572773
0.39,0.63742398974869,0.613578088404873,-0.584317182968612,0.159322986342779,0.18858389177904
0.4,0.587785252292473,0.584384735880586,-0.536499253857954,0.152888780963263,0.200774262985895
0.41,0.535826794978997,0.552870641384233,-0.486566182122453,0.14586790821744,0.21217236747922
0.42,0.481753674101716,0.519161168612724,-0.434716263399006,0.138288314100683,0.222733219314401
0.43,0.425779291565073,0.483390297913463,-0.381155289524456,0.130180128549367,0.232415136938374
0.44,0.368124552684678,0.445700099947538,-0.326095739594403,0.121575547311692,0.241179907664827
0.45,0.309016994374948,0.406240176182501,-0.269755943864911,0.112508706335257,0.248992938652847
0.46,0.248689887164855,0.365167070425537,-0.212359224975337,0.103015547644885,0.255823393095085
0.47,0.187381314585725,0.322643652546217,-0.154133019155518,0.093133678212375,0.261644311603074
0.48,0.125333233564305,0.278838477885271,-0.0953079808347866,0.0829022229290752,0.26643271997956
0.49,0.0627905195293136,0.233925122463071,-0.0361170747673597,0.0723616702947872,0.270169717990498
0.5,5.66553889764798e-16,0.188081500526447,0.0232053410178669,0.0615537140801505,0.272840555624464
0.51,-0.0627905195293129,0.141489163345408,0.0824244379447077,0.0505210889436519,0.274434690233768
0.52,-0.125333233564304,0.0943325843169392,0.141305841796251,0.0393074026883104,0.274945828801501
0.53,-0.187381314585724,0.0467984316211788,0.199616555633407,0.0279569648278859,0.274371952082472
0.54,-0.248689887164855,-0.00092516668794107,0.257125876966493,0.0165146126032058,0.272715322881758
0.55,-0.309016994374947,-0.0486493631727364,0.313606307080816,0.00502553381121175,0.269982477719291
0.56,-0.368124552684678,-0.0961853364235783,0.368834446757937,-0.00646490987484404,0.266184200459515
0.57,-0.425779291565073,-0.143345034907785,0.422591876193103,-0.0179113621923205,0.261335479092998
0.58,-0.481753674101715,-0.189941917398293,0.474666015559503,-0.0292686502779212,0.255455447883289
0.59,-0.535826794978996,-0.235791688149617,0.524850962319352,-0.040491962696005,0.24856731147373
0.6,-0.587785252292473,-0.280713023572469,0.57294830208424,-0.0515370261855854,0.240698252326186
0.61,-0.637423989748689,-0.3245282871775,0.618767890897159,-0.0623602787603057,0.231879324959353
0.62,-0.684547105928688,-0.367064228795926,0.662128603362219,-0.0729190426086545,0.222145331957639
0.63,-0.728968627421411,-0.408152668344305,0.702859047057233,-0.0831716908416632,0.211534687871265
0.64,-0.770513242775789,-0.447631157792965,0.740798237100186,-0.0930778124095597,0.200089266897661
0.65,-0.809016994374947,-0.485343622172782,0.775796230113494,-0.102598370612245,0.187854237328467
0.66,-0.844327925502015,-0.521140974628807,0.807714715643137,-0.111695856646804,0.174877884367526
0.67,-0.876306680043864,-0.554881703096928,0.836427559852694,-0.120334438236806,0.16121141851896
0.68,-0.904827052466019,-0.58643242976201,0.861821303044518,-0.128480099394063,0.146908773888445
0.69,-0.929776485888251,-0.615668435220745,0.883795605905116,-0.136100775332281,0.13202639535209
0.7,-0.951056516295154,-0.642474150479601,0.902263644948347,-0.143166478288,0.116623016180746
0.710000000000001,-0.968583161128633,-0.666743612897296,0.917152453728766,-0.149649415679395,0.100759425152075
0.720000000000001,-0.98228725072869,-0.688380882922646,0.928403210141865,-0.155524099536469,0.08449822768275
0.730000000000001,-0.992114701314479,-0.707300422886786,0.935971467840276,-0.160767446538087,0.067903598415403
0.740000000000001,-0.998026728428272,-0.723427433144582,0.939827330532475,-0.165358869512598,0.051041027875295
0.750000000000001,-1,-0.736698147707367,0.939955569360199,-0.169280357659272,0.03397706399356
0.760000000000001,-0.998026728428271,-0.747060084437651,0.93635568202944,-0.172516547955144,0.0167790496366449
0.770000000000001,-0.992114701314477,-0.754472252406905,0.929041894269149,-0.175054785239345,-0.000485143377101011
0.780000000000001,-0.982287250728688,-0.758905312518113,0.918043102783944,-0.176885172183873,-0.017747381918042
0.790000000000001,-0.96858316112863,-0.760341693385339,0.903402760682581,-0.178000607938838,-0.034939540641596
0.800000000000001,-0.951056516295152,-0.758775659811967,0.885178705253496,-0.178396816114379,-0.0519937706728501
0.810000000000001,-0.929776485888249,-0.754213335224996,0.863442929048964,-0.178072361376184,-0.068842767552216
0.820000000000001,-0.904827052466017,-0.746672676941137,0.838281295297277,-0.177028654973777,-0.085420036617637
0.830000000000001,-0.876306680043861,-0.736183404939855,0.809793198294542,-0.175269948978329,-0.101660155623642
0.840000000000001,-0.844327925502012,-0.722786884331203,0.778091170645044,-0.172803319360644,-0.117499033046803
0.850000000000001,-0.809016994374944,-0.706535961402094,0.743300438673846,-0.169638637902289,-0.132874160630537
0.860000000000001,-0.770513242775786,-0.687494754897516,0.705558427640271,-0.165788533103028,-0.147724860360273
0.870000000000001,-0.728968627421407,-0.66573840290497,0.665014218863321,-0.161268340043653,-0.161992524085302
0.880000000000001,-0.684547105928684,-0.641352765268982,0.621827961079956,-0.156096040050848,-0.175620844239874
0.890000000000001,-0.637423989748685,-0.61443408512428,0.576170237674556,-0.150292189364194,-0.188556036813918
0.900000000000001,-0.587785252292468,-0.58508860838928,0.528221393272333,-0.14387983777509,-0.200747052892037
0.910000000000001,-0.535826794978992,-0.55343216453291,0.478170821489926,-0.136884437858068,-0.212145780901052
0.920000000000001,-0.48175367410171,-0.519589708286655,0.426216216855784,-0.129333744356366,-0.222707235787237
0.930000000000001,-0.425779291565067,-0.483694827462192,0.372562794984451,-0.121257704007399,-0.23238973648514
0.940000000000001,-0.368124552684673,-0.445889214397365,0.317422481189082,-0.112688338223825,-0.241155071432108
0.950000000000001,-0.309016994374942,-0.406322107382833,0.261013074916445,-0.103659615623571,-0.248968648089959
0.960000000000001,-0.248689887164849,-0.365149700831684,0.203557388818034,-0.0942073186986909,-0.255799630712341
0.970000000000001,-0.187381314585719,-0.322534528855724,0.145282370011147,-0.0843689017107891,-0.261621060555366
0.980000000000001,-0.125333233564299,-0.278644823490223,0.0864182032385738,-0.0741833435442818,-0.266409963795931
0.99,-0.0627905195293133,-0.233653850775742,0.0271974030063757,-0.0636909934269473,-0.270147441196314
1,-1.1331077795296e-15,-0.187739226350086,-0.0321461050522402,-0.0529334115757657,-0.272818742978092
1.01,0.0627905195293137,-0.141082214898799,-0.0913779074731301,-0.0419532051316698,-0.274413327503599
1.02,0.125333233564303,-0.0938670137775559,-0.150264027396154,-0.0307938601729621,-0.274924901346672
1.03,0.187381314585725,-0.0462800270907434,-0.208571850294642,-0.0194995694375165,-0.274351446822902
1.04,0.248689887164854,0.00149087174329421,-0.266071039892689,-0.00811505880036319,-0.272695226949758
1.05,0.309016994374946,0.0492570802518957,-0.322534449157745,0.00331459018633838,-0.269962778719511
1.06,0.368124552684677,0.0968300119452579,-0.37773901589377,0.0147441180605127,-0.266164885887999
1.07,0.425779291565072,0.144021840840021,-0.431466644162752,0.0261282655826916,-0.261316537740039
1.08,0.481753674101715,0.190646242584064,-0.483505064072499,0.0374219531467608,-0.255436868341674
1.09,0.535826794978996,0.23651912970839,-0.533648671060887,0.0485804582992183,-0.248549083053279
1.1,0.587785252292473,0.281459379360875,-0.581699336493265,0.0595595923399444,-0.240680364792446
1.11,0.637423989748689,0.325289547067293,-0.627467189941649,0.0703158749956725,-0.231861767878683
1.12,0.684547105928689,0.367836567540866,-0.670771369057705,0.080806705534466,-0.222128095982373
1.13,0.728968627421411,0.408932437703974,-0.711440733302598,0.090990531734423,-0.211517763864201
1.14,0.770513242775789,0.448414880484765,-0.749314539093879,0.100827013142141,-0.200072645466973
1.15,0.809016994374947,0.48612798428952,-0.784243075105157,0.11027718068081,-0.187837910134827
1.16,0.844327925502014,0.521922819633338,-0.816088252979432,0.119303590407515,-0.174861842938579
1.17,0.876306680043864,0.555658025457476,-0.844724151817085,0.127870471512749,-0.16119565484686
1.18,0.904827052466019,0.587200369083083,-0.870037516159696,0.135943867000114,-0.146893280076499
1.19,0.929776485888251,0.616425269961572,-0.891928202439638,0.143491768349868,-0.132011164128198
1.2,0.951056516295153,0.643217293230156,-0.910309574769715,0.150484241519624,-0.116608040019935
1.21,0.968583161128631,0.667470604350056,-0.925108846607978,0.15689354506363,-0.100744697194292
1.22,0.982287250728688,0.689089386986985,-0.936267368299209,0.162694239919998,-0.084483741392226
1.23,0.992114701314478,0.707988221870989,-0.943740858525188,0.167863289589118,-0.067889347065081
1.24,0.998026728428272,0.724092422958266,-0.947499579321556,0.172380151112507,-0.051027005250783
1.25,1,0.737338333182678,-0.947528453375119,0.176226856208794,-0.033963263983647
1.26,0.998026728428272,0.747673575078539,-0.943827123697147,0.179388082220738,-0.01676546639787
1.27,0.992114701314478,0.755057258042095,-0.936409955078734,0.181851212539658,0.000498515503018965
1.28,0.982287250728689,0.75946013943872,-0.925305977500996,0.183606386472101,0.0177605484098251
1.29,0.968583161128632,0.760864740256465,-0.91055877159416,0.184646538137141,0.034952506799446
1.3,0.951056516295154,0.759265414019862,-0.892226296805848,0.18496742438244,0.052006541596454
1.31,0.929776485888252,0.75466836923552,-0.870380662629866,0.184567641526516,0.06885534813217
1.32,0.90482705246602,0.74709164485741,-0.845107844162546,0.183448630933972,0.085432431628836
1.33,0.876306680043864,0.736565039189594,-0.816507342730497,0.18161467333543,0.101672369794527
1.34,0.844327925502015,0.723129992325045,-0.784691793500498,0.179072871913838,0.117511070738385
1.35,0.809016994374948,0.706839422681324,-0.749786520797298,0.175833124232177,0.132886026116203
1.36,0.77051324277579,0.68775751797078,-0.711929043596374,0.171908083488137,0.147736557862543
1.37,0.728968627421412,0.665959482452572,-0.671268532840658,0.167313108014259,0.162004057626173
1.38,0.68454710592869,0.641531239430939,-0.62796522298933,0.162066201296497,0.175632217738106
1.39,0.63742398974869,0.614569092754557,-0.5821897793619,0.156187940517669,0.188567253910326
1.4,0.587785252292473,0.585179347081423,-0.534122624752219,0.149701395395256,0.20075811772446
1.41,0.535826794978997,0.553477886836422,-0.483953227646346,0.1426320372987,0.212156696488776
1.42,0.481753674101716,0.519589721045473,-0.431879354092013,0.135007638750718,0.222718005704178
1.43,0.425779291565072,0.483648488398457,-0.378106287856232,0.12685816356936,0.232400364111585
1.44,0.368124552684678,0.445795930264155,-0.322846019408873,0.118215648901981,0.241165559757263
1.45,0.309016994374948,0.406181332132652,-0.26631641002311,0.109114078530501,0.248979000640043
1.46,0.248689887164855,0.364960933340576,-0.208740332219959,0.0995892489854986,0.255809850106116
1.47,0.187381314585726,0.322297310790143,-0.150344789101668,0.0896786282180984,0.261631149906573
1.48,0.125333233564306,0.278358737989801,-0.091360019605777,0.0794212075665212,0.266419925950545
1.49,0.0627905195293152,0.233318520280962,-0.0320185896818671,0.0688573481120916,0.270157278711186
1.5,3.67394039744206e-16,0.187354311299712,0.0274455262603258,0.0580286211737548,0.272828458733793
1.51,-0.0627905195293127,0.140647411392094,0.0867978677863241,0.0469776446349851,0.274422923813403
1.52,-0.125333233564303,0.0933820527117382,0.145804414401158,0.0357479141538798,0.274934381266776
1.53,-0.187381314585723,0.0457446719881404,0.204232508410327,0.0243836317439621,0.274360812142429
1.54,-0.248689887164855,-0.0020768254690906,0.261851773875727,0.0129295318604063,0.272704480267043
1.55,-0.309016994374947,-0.0498938073461419,0.318435025519906,0.00143070412876545,0.26997192230253
1.56,-0.368124552684677,-0.0975176582398908,0.37375916466234,-0.010067584407911,0.266173922014538
1.56999999999999,-0.425779291565015,-0.144760524731464,0.427606060864424,-0.0215200678284678,0.261325468304492
1.57999999999999,-0.481753674101659,-0.191436056206512,0.47976341194191,-0.0328816598812078,0.25544569585419
1.58999999999999,-0.535826794978943,-0.237360140723392,0.530025581841755,-0.0441076320456391,0.248557809072724
1.59999999999999,-0.587785252292421,-0.282351630878133,0.578194412495007,-0.0551537903514106,0.240688991265463
1.60999999999999,-0.637423989748641,-0.326233059360191,0.624080005914835,-0.065976649295802,0.231870297258842
1.61999999999999,-0.684547105928643,-0.368831339531175,0.667501472996136,-0.0765336035484486,0.222136529916512
1.62999999999999,-0.728968627421368,-0.40997844789338,0.708287648235926,-0.0867830966647536,0.211526103677792
1.63999999999999,-0.770513242775748,-0.449512087293286,0.746277764885883,-0.0966847841120281,0.200080893480569
1.64999999999999,-0.80901699437491,-0.487276327407517,0.781322088857013,-0.106199693560062,0.187846067889434
1.65999999999999,-0.844327925501981,-0.523122220938355,0.813282510648753,-0.115290377850269,0.174869911860129
1.66999999999999,-0.876306680043833,-0.556908390038118,0.842033089925368,-0.123921063176161,0.161203636711089
1.67999999999999,-0.904827052465992,-0.588501585526737,0.867460552336135,-0.132057790196475,0.146901176612923
1.68999999999999,-0.929776485888228,-0.617777211865313,0.889464736637596,-0.139668548208009,0.132018976564274
1.69999999999999,-0.951056516295134,-0.644619819412159,0.907958990576948,-0.146723401164805,0.116615769999984
1.70999999999999,-0.968583161128615,-0.668923559808288,0.922870512054106,-0.153194606096096,0.100752346149722
1.71999999999999,-0.982287250728677,-0.690592603628983,0.934140636806595,-0.159056722544378,0.084491310633234
1.72999999999999,-0.99211470131447,-0.709541519228446,0.941725070040417,-0.164286712799347,0.0678968380126239
1.73999999999999,-0.998026728428268,-0.725695608632878,0.945594060918558,-0.168864033139886,0.0510344191457941
1.74999999999999,-1,-0.738991203631894,0.945732520441155,-0.172770714626829,0.033970602182432
1.75999999999999,-0.998026728428276,-0.749375916316082,0.942140080571455,-0.175991434076513,0.01677273017886
1.76999999999999,-0.992114701314486,-0.756808846018352,0.934831095829394,-0.178513574767066,-0.000491324956023914
1.77999999999999,-0.982287250728701,-0.761260740693068,0.923834586741291,-0.180327275940134,-0.017753429891911
1.78999999999999,-0.968583161128647,-0.762714112416976,0.90919412516904,-0.181425471890763,-0.034945459138699
1.79999999999999,-0.951056516295174,-0.761163306362219,0.89096766249174,-0.181803919802718,-0.051999563673197
1.80999999999999,-0.929776485888275,-0.75661452312021,0.869227300793657,-0.181461216518129,-0.0688484388446821
1.81999999999999,-0.904827052466046,-0.749085794202523,0.844059008387679,-0.180398804099745,-0.085425589914589
1.82999999999999,-0.876306680043894,-0.738606911004176,0.81556228048448,-0.178620964065428,-0.101665594585124
1.83999999999999,-0.844327925502049,-0.725219306992272,0.783849746556063,-0.176134800574876,-0.117504361011085
1.84999999999999,-0.809016994374985,-0.708975894490262,0.74904672600633,-0.172950212397233,-0.132879380881165
1.85999999999999,-0.770513242775829,-0.689940855570534,0.711290733246356,-0.169079853836937,-0.147729976161115
1.86999999999999,-0.728968627421455,-0.668189388974527,0.670730935165388,-0.164539084693695,-0.161997538502834
1.87999999999999,-0.684547105928735,-0.643807413177377,0.627527562864563,-0.15934590989048,-0.175625760203294
1.88999999999999,-0.637423989748739,-0.616891227420654,0.581851278349167,-0.153520908256444,-0.188560857327931
1.89999999999999,-0.587785252292524,-0.587547131554803,0.533882502089073,-0.147087151243691,-0.200751780709421
1.90999999999999,-0.53582679497905,-0.555891006828212,0.483810700201587,-0.140070111956834,-0.212150418583459
1.91999999999999,-0.481753674101771,-0.522047858101258,0.431833637074456,-0.132497564800135,-0.222711785826937
1.92999999999999,-0.42577929156513,-0.486151320602379,0.378156594738326,-0.124399475699469,-0.232394201563522
1.93999999999999,-0.368124552684737,-0.448343133177788,0.322991563029285,-0.115807883660915,-0.241159453809418
1.94999999999999,-0.309016994375009,-0.408772578057988,0.266556402406985,-0.106756774802368,-0.248972950453371
1.95999999999999,-0.248689887164916,-0.367595891663505,0.209073984711294,-0.0972819479195273,-0.255803854871738
1.96999999999999,-0.187381314585787,-0.324975649181858,0.150771313599435,-0.0874208730943584,-0.261625208676781
1.97999999999999,-0.125333233564368,-0.281080121931821,0.0918786277563304,-0.0772125441488348,-0.266414038324325
1.98999999999999,-0.0627905195293773,-0.236082613340254,0.032628493979884,-0.0666973244511836,-0.270151443811554
1.99999999999999,-6.26623480986677e-14,-0.190160775195398,-0.026745112705596,-0.0559167880316764,-0.27282267593267
2.00999999999999,0.0627905195292505,-0.143495906765824,-0.0860077306489193,-0.0449135549806821,-0.274417192395425
2.01999999999999,0.125333233564241,-0.0962722386925739,-0.144925338049894,-0.0337311238031186,-0.274928700545586
2.02999999999999,0.187381314585662,-0.0486762067236107,-0.203265275553976,-0.0224136991292921,-0.274355181406879
2.03999999999999,0.248689887164794,-0.000895715040801826,-0.260797165732735,-0.0110060180517141,-0.272698898825251
2.04999999999999,0.309016994374888,0.0468806040980372,-0.317293820833305,0.000446827265777852,-0.26996638946949
2.05999999999999,0.368124552684619,0.094464136359682,-0.372532140488432,0.0118995668401729,-0.266168437288577
2.06999999999999,0.425779291565015,0.141667028502553,-0.426293991521519,0.0233069317940676,-0.261320031224898
2.07999999999999,0.481753674101658,0.188302930166532,-0.47836706928887,0.0346238334746186,-0.255440305647719
2.08999999999999,0.535826794978944,0.234187729302064,-0.52854573493375,0.0458055403311828,-0.248552465300503
2.09999999999999,0.587785252292422,0.279140278835868,-0.576631827520085,0.056807855361354,-0.240683693322863
2.10999999999999,0.63742398974864,0.322983111188307,-0.622435445907296,0.0675872903492247,-0.231865044369764
2.11999999999999,0.684547105928641,0.365543139341185,-0.66577569790587,0.0781012371309085,-0.222131321433777
2.12999999999999,0.728968627421369,0.406652338998598,-0.706481414599272,0.0883081360020369,-0.211520939598637
2.13999999999999,0.77051324277575,0.446148412999865,-0.744391825706486,0.0981676397654684,-0.200075772941153
2.14999999999999,0.809016994374909,0.483875430410928,-0.779357193576957,0.107640772971187,-0.187840990194842
2.15999999999999,0.84432792550198,0.519684442811783,-0.811239405247371,0.116690085521424,-0.174864876914164
2.16999999999999,0.876306680043832,0.55343407176885,-0.839912516063665,0.125279800568691,-0.161198643726124
2.17999999999999,0.904827052465992,0.584991067002954,-0.865263248065731,0.133375955934758,-0.146896225128019
2.18999999999999,0.929776485888228,0.614230832096238,-0.887191436052072,0.14094653765191,-0.132014066303924
2.19999999999999,0.951056516295134,0.641037916268037,-0.905610423356182,0.147961606818716,-0.116610900269429
2.20999999999999,0.968583161128615,0.66530647005971,-0.920447403973818,0.154393417419315,-0.100747516494793
2.21999999999999,0.982287250728677,0.686940662714799,-0.931643709179578,0.160216525893894,-0.0844865205708849
2.22999999999999,0.99211470131447,0.705855061166676,-0.939155039959491,0.165407891549376,-0.0678920872434391
2.23999999999999,0.998026728428268,0.7219749663099,-0.942951641069112,0.169946967612798,-0.051029707146414
2.24999999999999,1,0.73523670834014,-0.943018418987402,0.173815782074426,-0.033965928572836
2.25999999999999,0.998026728428276,0.745587897809099,-0.939355001117663,0.176999008836929,-0.016768094471635
2.26999999999999,0.992114701314486,0.752987632535286,-0.931975737452997,0.179484028066164,0.000495923148453009
2.27999999999999,0.982287250728701,0.757406658872665,-0.920909643820529,0.181260975962013,0.017757991014149
2.28999999999999,0.968583161128647,0.758827487225002,-0.906200287458925,0.182322783817521,0.034949983583598
2.29999999999999,0.951056516295174,0.757244461034313,-0.887905615017777,0.182665205806961,0.052004051823497
2.30999999999999,0.929776485888275,0.752663779169047,-0.86609772381036,0.182286835748136,0.068852891106823
2.31999999999999,0.904827052466047,0.745103471378915,-0.84086257737304,0.181189112673918,0.0854300066797929
2.32999999999999,0.876306680043894,0.734593327125111,-0.812299666100174,0.17937631512347,0.101669976148407
2.33999999999999,0.844327925502049,0.721174778167729,-0.780521614663983,0.176855544320223,0.117508707823969
2.34999999999999,0.809016994374984,0.70490073473115,-0.745653737389741,0.173636696041092,0.132883693382501
2.35999999999999,0.770513242775829,0.685835377079118,-0.70783354397847,0.169732421545295,0.147734254645943
2.36999999999999,0.728968627421455,0.6640539019947,-0.667210196494219,0.165158077730312,0.162001783230793
2.37999999999999,0.684547105928735,0.639642225914524,-0.623943920801723,0.159931666603613,0.175629971716414
2.38999999999999,0.637423989748739,0.612696646080016,-0.578205374278469,0.154073763994316,0.188565035795863
2.39999999999999,0.587785252292524,0.58332346043209,-0.530174972342147,0.147607438400219,0.200755926490162
2.40999999999999,0.53582679497905,0.551638547979125,-0.480042176042072,0.140558160168607,0.21215453210566
2.41999999999999,0.481753674101771,0.517766911593788,-0.428004744939791,0.132953700736584,0.222715867390581
2.42999999999999,0.425779291565132,0.481842184553918,-0.374267956115429,0.124824023101352,0.232398251539841
2.43999999999999,0.368124552684736,0.444006103282066,-0.319043794344531,0.116201163425319,0.241163472362854
2.44999999999999,0.309016994375007,0.404407948031227,-0.262550115166605,0.107119105067478,0.2489769379321
2.45999999999999,0.248689887164916,0.36320395335126,-0.20500978545906,0.0976136439194819,0.255807811811682
2.46999999999999,0.187381314585789,0.320556691967111,-0.146649803695498,0.0877222471013758,0.261629135372989
2.47999999999999,0.125333233564369,0.276634433039419,-0.0877004042330177,0.0774839057920332,0.266417934598434
2.48999999999999,0.0627905195293757,0.231610477962582,-0.0283941480734205,0.0669389806382647,0.270155310527426
2.49999999999999,6.45611696179827e-14,0.185662476330628,0.0310349940170034,0.056129042748051,0.272826513095682
2.50999999999999,-0.0627905195292486,0.138971724874404,0.0903525656521534,0.0450967095990519,0.274421000125609
2.51999999999999,-0.12533323356424,0.0917224529146491,0.149324549719462,0.03388547674917,0.274932479383281
2.52999999999999,-0.187381314585664,0.0441010931657711,0.207718292007115,0.0225395463722686,0.274358931545155
2.53999999999999,-0.248689887164793,-0.00370445160523469,0.26530341980569,0.01110365257574,0.272702620776195
2.54999999999999,-0.309016994374888,-0.0515055522048927,0.321852750427434,-0.000377114836424571,0.269970083386117
2.55999999999999,-0.368124552684619,-0.0991135959054725,0.377143188047259,-0.0118574887831203,0.266172103358666
2.56999999999999,-0.425779291565015,-0.146340731988684,0.430956604809657,-0.02329220307348,0.261323669747493
2.57999999999999,-0.481753674101659,-0.19300061201295,0.483080700291276,-0.0346361714837589,0.255443916794567
2.58999999999999,-0.535826794978942,-0.238909126229127,0.533309840826206,-0.0458446651329693,0.24855604946411
2.59999999999999,-0.587785252292421,-0.283885129783299,0.581445870325623,-0.056873489711572,0.240687250830752
2.60999999999999,-0.63742398974864,-0.327751157276325,0.627298891951573,-0.0676791594769827,0.231868575198265
2.61999999999999,-0.684547105928644,-0.370334123846632,0.670688018652833,-0.078219068873799,0.222134825932402
2.62999999999998,-0.728968627421325,-0.411466007209688,0.711442086157874,-0.0884516607594489,0.211524418188737
2.63999999999998,-0.770513242775709,-0.450984512765809,0.749400328710408,-0.0983365903292343,0.200079225615365
2.64999999999998,-0.809016994374873,-0.488733711396339,0.784413013488117,-0.107834884761671,0.187844417330107
2.65999999999998,-0.844327925501947,-0.524564656846853,0.816342031972461,-0.116909096366576,0.174868278759032
2.66999999999998,-0.876306680043802,-0.558335973100315,0.845061444501212,-0.125523450761665,0.161202020639232
2.67999999999998,-0.904827052465965,-0.589914411803192,0.870457977229552,-0.133643988255354,0.146899577171006
2.68999999999998,-0.929776485888205,-0.619175378965389,0.892431469875232,-0.141238697336158,0.132017393573685
2.69999999999998,-0.951056516295115,-0.646003425526913,0.910895270170313,-0.148277641363157,0.116614203280243
2.70999999999998,-0.9685831611286,-0.670292704422723,0.925776576606348,-0.154733076801126,0.100750795382499
2.71999999999998,-0.982287250728664,-0.691947387049138,0.937016724955921,-0.160579562415213,0.08448977549157
2.72999999999998,-0.992114701314462,-0.710882042215153,0.944571420596311,-0.165794059934487,0.067895318446671
2.73999999999998,-0.998026728428264,-0.727021973065044,0.948410912807156,-0.170356024824027,0.0510329149180849
2.74999999999998,-1,-0.740303511911633,0.948520112376657,-0.174247487440375,0.033969113024649
2.75999999999998,-0.99802672842828,-0.750674271311332,0.944898651054357,-0.177453123938881,0.016771255804144
2.76999999999998,-0.992114701314494,-0.75809335113645,0.937560883206584,-0.179960316760983,-0.000492784690849013
2.77999999999998,-0.982287250728712,-0.762531499801468,0.92653582897678,-0.181759204371959,-0.017754875196647
2.78999999999998,-0.968583161128663,-0.763971229787263,0.911867059861218,-0.182842720291096,-0.034946890217141
2.79999999999998,-0.951056516295193,-0.762406886552252,0.893612526713691,-0.183206620899335,-0.052000980737896
2.80999999999998,-0.929776485888299,-0.757844670973435,0.871844331104447,-0.182849502208443,-0.068849842077431
2.81999999999998,-0.904827052466073,-0.750302614801813,0.846648440725082,-0.18177280544105,-0.085426979517781
2.82999999999998,-0.876306680043924,-0.739810509513465,0.818124350126061,-0.179980811298343,-0.101666970685747
2.83999999999998,-0.844327925502083,-0.726409788776805,0.786384688059115,-0.177480623132136,-0.117505723849826
2.84999999999998,-0.809016994375022,-0.710153364941817,0.751554773055394,-0.174282138760653,-0.132880730647076
2.85999999999998,-0.77051324277587,-0.691105420106115,0.71377211879248,-0.17039801163338,-0.147731312947015
2.86999999999998,-0.728968627421499,-0.669341152994391,0.673185891299933,-0.165843600849606,-0.161998862544064
2.87999999999998,-0.684547105928782,-0.644946482100215,0.629956320613539,-0.160636910183501,-0.175627071670177
2.88999999999998,-0.637423989748789,-0.618017706505378,0.584254067853333,-0.15479851773251,-0.188562156384555
2.89999999999998,-0.587785252292577,-0.588661125901195,0.536259552466319,-0.148351493997428,-0.200753067432304
2.90999999999998,-0.535826794979102,-0.556992621491277,0.486162239434354,-0.141321311211367,-0.21215169326829
2.91999999999998,-0.481753674101826,-0.523137197680554,0.434159892105568,-0.133735742995741,-0.222713048570727
2.92999999999998,-0.425779291565187,-0.487228490054077,0.380457791580755,-0.125624754078315,-0.232395452551637
2.93999999999998,-0.368124552684795,-0.449408236435146,0.325267926077436,-0.117020382960376,-0.241160693318086
2.94999999999998,-0.309016994375068,-0.409825718927312,0.268808155465098,-0.107956614530809,-0.248974177993023
2.95999999999998,-0.248689887164978,-0.368637174194968,0.211301349938863,-0.0984692467607255,-0.255805071016831
2.96999999999998,-0.18738131458585,-0.326005177021711,0.152974511762931,-0.0885957487435697,-0.26162641400235
2.97999999999998,-0.125333233564431,-0.282097997649058,0.0940578789784756,-0.0783751134941763,-0.266415232164759
2.98999999999998,-0.0627905195294414,-0.2370889397759,0.034784016312597,-0.0678477034549088,-0.270152626918212
2.99999999999998,-1.25079766837506e-13,-0.191155654490903,-0.0246131019951143,-0.0570550917833819,-0.272823848269399
3.00999999999998,0.0627905195291882,-0.144479440613924,-0.083899015805358,-0.0460398975749977,-0.27441835399428
3.01999999999998,0.125333233564179,-0.0972445285982462,-0.14283970440139,-0.0348456183337961,-0.274929851333432
3.02999999999998,0.187381314585601,-0.0496373534493853,-0.201202510343815,-0.0235164579762002,-0.274356321769401
3.03999999999998,0.248689887164732,-0.00184581952936253,-0.258757057026674,-0.0120971524699167,-0.272700029025953
3.04999999999998,0.309016994374827,0.0459414423883725,-0.315276158570557,-0.000632793283129216,-0.269967509465314
3.05999999999998,0.36812455268456,0.0935358180114881,-0.370536715847624,0.0108313506117801,-0.266169547224356
3.06999999999998,0.425779291564957,0.140749454437376,-0.424320597090564,0.0222500114312112,-0.261321131221977
3.07999999999998,0.481753674101603,0.187396002167109,-0.476415498948442,0.0335781010812759,-0.255441395700057
3.08999999999998,0.535826794978891,0.233291349391563,-0.526615784212591,0.044770889217322,-0.248553545603706
3.09999999999998,0.587785252292372,0.278254349813988,-0.574723293401197,0.0557841795855702,-0.240684764001639
3.10999999999998,0.63742398974859,0.322107536378521,-0.620548126772458,0.0665744849111508,-0.231866105482786
3.11999999999998,0.684547105928594,0.364677822392254,-0.66390939369709,0.0770991978526468,-0.222132373452189
3.12999999999998,0.728968627421325,0.405797184822017,-0.70463592670408,0.0873167597609982,-0.211521982121065
3.13999999999998,0.770513242775709,0.445303326458564,-0.742566956861114,0.097186824289318,-0.200076806113232
3.14999999999998,0.809016994374873,0.483040317151864,-0.777552748240241,0.10667041668188,-0.187842014406497
3.15999999999998,0.844327925501947,0.518859209115251,-0.809455189167051,0.115730087955414,-0.174865892096386
3.16999999999998,0.876306680043802,0.552618624529187,-0.838148336603648,0.124330062102372,-0.161199649972089
3.17999999999998,0.904827052465965,0.584185313872946,-0.863518914003861,0.132436377649346,-0.146897222481569
3.18999999999998,0.929776485888204,0.613434681182016,-0.885466757836487,0.140017021690981,-0.13201505496349
3.19999999999998,0.951056516295114,0.640251276445168,-0.903905212776685,0.147042056067942,-0.116611880263575
3.20999999999998,0.968583161128599,0.664529250559451,-0.918761474395815,0.153483735704809,-0.100748488131555
3.21999999999998,0.982287250728665,0.686172773885541,-0.929976875541968,0.159316617857972,-0.084487483798455
3.22999999999998,0.992114701314462,0.70509641374514,-0.937507118497762,0.164517662738065,-0.067893042014557
3.23999999999998,0.998026728428264,0.721225471560144,-0.941322449717967,0.169066324354124,-0.0510306538036989
3.24999999999998,1,0.73449627845633,-0.941407777051848,0.172944631589363,-0.0339668670061549
3.25999999999998,0.99802672842828,0.744856445517838,-0.93776272945475,0.176137259168926,-0.016769024767986
3.26999999999998,0.992114701314494,0.75226507118727,-0.930401658374198,0.178631588045605,0.000495000858677069
3.27999999999998,0.982287250728713,0.756692902530696,-0.919353581216312,0.180417755305865,0.0177570766202489
3.28999999999998,0.968583161128663,0.758122450600662,-0.904662066649244,0.181488693050609,0.034949077002027
3.29999999999998,0.951056516295193,0.756548059545826,-0.88638506278501,0.181840156250446,0.0520031530112621
3.30999999999998,0.929776485888298,0.751975928837121,-0.864594668456778,0.181470739560725,0.068851999941068
3.31999999999998,0.904827052466073,0.744424088945676,-0.839376848625524,0.180381882794429,0.085429123114581
3.32999999999998,0.876306680043924,0.733922329994246,-0.81083109522934,0.178577865345225,0.101669100110131
3.33999999999998,0.844327925502083,0.720512084342863,-0.779070034294423,0.176065789147071,0.117507839195511
3.34999999999998,0.809016994375022,0.704246263048833,-0.74421898171895,0.17285555079428,0.132882832124163
3.35999999999998,0.77051324277587,0.685189046953155,-0.706415448573262,0.168959802341004,0.147733400720897
3.36999999999998,0.728968627421499,0.663415633278517,-0.66580859835591,0.164393901564671,0.162000936487278
3.37999999999998,0.684547105928782,0.639011939517458,-0.622558658515759,0.159175851049676,0.175629132051375
3.38999999999998,0.637423989748789,0.612074263512854,-0.576836287671284,0.153326227436888,0.188564203278458
3.39999999999998,0.587785252292574,0.58270890353509,-0.528821902652972,0.146868100205618,0.200755101087736
3.40999999999998,0.535826794979103,0.551031739549191,-0.478704966303867,0.139826940175149,0.212153713420473
3.41999999999998,0.481753674101826,0.517167775134533,-0.426683239076631,0.132230519639515,0.222715055697417
3.42999999999998,0.42577929156519,0.481250643899289,-0.372961999706399,0.124108802340178,0.232397446533068
3.43999999999998,0.368124552684796,0.443422083343406,-0.317753234298442,0.115493825220223,0.241162674265187
3.44999999999998,0.309016994375068,0.403831373927864,-0.261274799949051,0.106419572375281,0.248976146354094
3.45999999999998,0.248689887164978,0.36263475126223,-0.203749564801644,0.0969218402702454,0.255807026730831
3.46999999999998,0.18738131458585,0.319994788624453,-0.145404528648021,0.0870380968528067,0.261628356829239
3.47999999999998,0.125333233564431,0.276079755591636,-0.0864699270294451,0.0768073341280017,0.266417162690193
3.48999999999998,0.062790519529438,0.231062954326116,-0.0271783227871654,0.0662699132607146,0.270154544799665
3.49999999999998,1.25202231517421e-13,0.185122035264496,0.0322363123507564,0.0554674062184316,0.272825753833684
3.50999999999998,-0.0627905195291845,0.138438295531955,0.0915395204561256,0.0444424310880696,0.27442024707615
3.51999999999998,-0.125333233564176,0.0911959652677086,0.150497283372398,0.0332384839948971,0.274931732635004
3.52999999999998,-0.187381314585601,0.0435814777914882,0.208876945373916,0.0218997680131692,0.274358191178573
3.53999999999998,-0.248689887164732,-0.00421726392994543,0.266448132443885,0.0104710179636065,0.272701886477546
3.54999999999998,-0.309016994374827,-0.0520116295355718,0.322983660496345,-0.00100267607020641,0.269969354890567
3.55999999999998,-0.36812455268456,-0.0996130059159306,0.378260432760925,-0.012476045865528,0.266171380979466
3.56999999999998,-0.425779291564957,-0.146833541764497,0.432060319519669,-0.0239038247641363,0.261322952991036
3.57999999999998,-0.481753674101603,-0.193486887663186,0.484171019729095,-0.0352409258652055,0.255443206200703
3.58999999999998,-0.535826794978888,-0.239388933799958,0.534386898072088,-0.0464426196973289,0.248555344574801
3.59999999999998,-0.587785252292369,-0.284358534065635,0.582509797097644,-0.0574647113231853,0.240686551708824
3.60999999999998,-0.63742398974859,-0.328218223250469,0.62834981922277,-0.0682637141953446,0.231867881776956
3.61999999999998,-0.684547105928597,-0.370794915034545,0.671726075835507,-0.0787970223135681,0.222134138487394
3.62999999999998,-0.728968627421325,-0.411920587629712,0.712467401398145,-0.0890230777672712,0.211523736001162
3.63999999999998,-0.770513242775709,-0.45143294470459,0.750413029112276,-0.0989015352396573,0.200078549168029
3.64999999999998,-0.809016994374873,-0.489176057187214,0.785413224820074,-0.108393421174859,0.187843746458001
3.65999999999998,-0.844327925501947,-0.525000978284407,0.81732987882374,-0.117461287261929,0.174867613277404
3.66999999999998,-0.876306680043802,-0.558766331003864,0.846037050227346,-0.126069358812445,0.161201360411037
3.67999999999997,-0.904827052465938,-0.590338866686298,0.871421464163347,-0.134183675159307,0.146898922317742
3.68999999999997,-0.929776485888182,-0.619593990663061,0.893382958985425,-0.141772224299928,0.132016744022436
3.69999999999997,-0.951056516295095,-0.64641625339025,0.911834881518458,-0.148805069070942,0.116613559057266
3.70999999999997,-0.968583161128584,-0.670699807216856,0.926704428769412,-0.155254465313783,0.100750156238773
3.71999999999997,-0.982287250728653,-0.69234882292881,0.937932935736829,-0.161094971243634,0.0844891415643851
3.72999999999997,-0.992114701314454,-0.711277868817251,0.945476106429828,-0.166303548000391,0.0678946896121861
3.73999999999997,-0.99802672842826,-0.72741224748116,0.949304189065572,-0.170859650465473,0.0510322911189391
3.74999999999997,-1,-0.740688290587776,0.949402093312095,-0.174745308444077,0.033968494280242
3.75999999999997,-0.998026728428284,-0.751053610395742,0.945769449895793,-0.17794519750221,0.016770641997841
3.76999999999997,-0.992114701314502,-0.758467306026464,0.938420612013055,-0.180446699549485,-0.000493393562893907
3.77999999999997,-0.982287250728724,-0.762900125441248,0.927384598743947,-0.182239952515268,-0.017755479212569
3.78999999999997,-0.968583161128678,-0.764334580541897,0.912704980512922,-0.183317889358889,-0.0349474893878639
3.79999999999997,-0.951056516295212,-0.762765016312481,0.894439707117752,-0.183676265917999,-0.0520015751127279
3.80999999999997,-0.929776485888321,-0.758197633070843,0.872660879066499,-0.183313677702168,-0.0688504317065119
3.81999999999997,-0.9048270524661,-0.750650462086154,0.847454463014585,-0.182231565363948,-0.085427564435517
3.82999999999997,-0.876306680043955,-0.740153294297602,0.818919952447284,-0.180434209087611,-0.101667550937929
3.83999999999997,-0.844327925502117,-0.726747562907039,0.787169975136932,-0.177928711712659,-0.117506299482766
3.84999999999997,-0.80901699437506,-0.710486179673377,0.752329848594129,-0.17472497056762,-0.132881301646868
3.85999999999997,-0.770513242775911,-0.691433326319976,0.71453708537419,-0.170835638619073,-0.147731879564859
3.86999999999997,-0.728968627421543,-0.669664200969434,0.673940850704963,-0.16627607430564,-0.161999424570111
3.87999999999997,-0.684547105928829,-0.645264721524858,0.630701373384324,-0.161064281122447,-0.175627629262981
3.88999999999997,-0.637423989748835,-0.618331186863967,0.584989313825501,-0.155220836509609,-0.188562709548075
3.89999999999997,-0.587785252292626,-0.588969896044186,0.536985090289698,-0.148768810534353,-0.200753616288841
3.90999999999997,-0.535826794979157,-0.557296729739052,0.486878167024095,-0.14173367490285,-0.212152237617807
3.91999999999997,-0.481753674101882,-0.523436692051076,0.434866306216285,-0.13414320282282,-0.222713588657611
3.92999999999997,-0.425779291565245,-0.487523417704228,0.38115478794549,-0.126027358576942,-0.23239598833568
3.93999999999997,-0.368124552684855,-0.449698644469609,0.325955599779295,-0.117418179962001,-0.241161224652315
3.94999999999997,-0.309016994375129,-0.410111654236601,0.269486600265737,-0.108349651754482,-0.248974705725346
3.95999999999997,-0.24868988716504,-0.368918682506931,0.211970659117007,-0.0988575711529491,-0.255805594542873
3.96999999999997,-0.187381314585913,-0.326282303580663,0.153634777472569,-0.0889794069040156,-0.26162693301211
3.97999999999997,-0.125333233564491,-0.282370788159727,0.0947091924624875,-0.0787541516375049,-0.266415747334744
3.98999999999997,-0.0627905195295019,-0.237357438460049,0.0354264678111952,-0.0682221673771557,-0.270153138026009
3.99999999999997,-1.89273542415744e-13,-0.191419905981152,-0.0239794227969608,-0.0574250265157351,-0.272824355293848
4.00999999999997,0.0627905195291241,-0.144739488643778,-0.0832740202414939,-0.0464053480771016,-0.274418856962374
4.01999999999997,0.125333233564116,-0.0975004163423758,-0.142223305103374,-0.0352066290908495,-0.274930350536599
4.02999999999997,0.187381314585538,-0.0498891241170109,-0.200594620214561,-0.0238730727736075,-0.274356817105179
4.03999999999997,0.24868988716467,-0.00209351532543933,-0.25815759019069,-0.0124494148813435,-0.272700520397473
4.04999999999997,0.309016994374766,0.0456977792233593,-0.31468502975078,-0.000980746356674231,-0.269967996884095
4.05999999999997,0.3681245526845,0.0932961454757282,-0.369953840723224,0.0104876641526808,-0.266170031094815
4.06999999999997,0.425779291564902,0.140513731617446,-0.423745892247582,0.021910549411557,-0.261321611218579
4.07999999999997,0.48175367410155,0.187164188102224,-0.475848881584992,0.0332428215988224,-0.255441871883946
4.08999999999997,0.535826794978837,0.233063403564599,-0.526057172605996,0.0444397508379399,-0.248554018203457
4.09999999999997,0.58778525229232,0.278030232048513,-0.57417260644255,0.0554571413567184,-0.240685233037319
4.10999999999997,0.637423989748544,0.321887207429115,-0.620005284193569,0.0662515061581781,-0.231866570606276
4.11999999999997,0.68454710592855,0.364461242782646,-0.663374316045813,0.0767802383446915,-0.222132834918475
4.12999999999997,0.728968627421281,0.405584315577968,-0.7041085353244,0.0870017795807405,-0.211522440165691
4.13999999999997,0.770513242775668,0.445094129152854,-0.742047173827207,0.0968757839888403,-0.200077260685513
4.14999999999997,0.809016994374833,0.48283475383835,-0.777040496415101,0.106363277263816,-0.187842465312935
4.15999999999997,0.844327925501914,0.518657241876861,-0.808950392142737,0.115426810682812,-0.174866339583064
4.16999999999997,0.876306680043773,0.552420216104804,-0.837650918829442,0.124030608729882,-0.161200093994756
4.17999999999997,0.904827052465939,0.583990427271193,-0.863028800674131,0.132140710252329,-0.146897663150609
4.18999999999997,0.929776485888182,0.613243279808076,-0.884983874794785,0.13972510271019,-0.132015492276519
4.19999999999997,0.951056516295095,0.640063324091335,-0.903429486644375,0.146753848337519,-0.116612314215521
4.20999999999997,0.968583161128584,0.664344711369762,-0.918292832320303,0.153199202346942,-0.100748918603599
4.21999999999997,0.982287250728652,0.685991612384084,-0.929515245728102,0.159035722457008,-0.0844879108870099
4.22999999999997,0.992114701314454,0.704918594539995,-0.937052429722705,0.16424036917217,-0.06789346601054
4.23999999999997,0.99802672842826,0.721050960170027,-0.940874631402855,0.168792596854232,-0.051031074378596
4.24999999999997,1,0.734325040169858,-0.940966759363711,0.172674434755587,-0.033967284438266
4.25999999999997,0.998026728428283,0.744688446326095,-0.937328443292496,0.175870557944637,-0.016769439021764
4.26999999999997,0.992114701314501,0.752100277373762,-0.929974035305478,0.178368347690688,0.000494589758971986
4.27999999999997,0.982287250728724,0.756531280636141,-0.918932553419639,0.180157941478831,0.017756668695333
4.28999999999997,0.968583161128679,0.757963967522653,-0.904247567019312,0.181232271698187,0.0349486722015281
4.29999999999997,0.951056516295213,0.756392682513438,-0.88597702489101,0.18158709367729,0.052002751299718
4.30999999999997,0.929776485888323,0.751823625433165,-0.864193026505485,0.181221002384456,0.068851601312136
4.31999999999997,0.904827052466102,0.744274827056181,-0.838981537517774,0.180135437979458,0.0854287275178649
4.32999999999997,0.876306680043954,0.733776077809536,-0.810442050421318,0.178334680139743,0.101668707527961
4.33999999999997,0.844327925502115,0.720368810462567,-0.77868719196588,0.175825831166671,0.117507449663358
4.34999999999997,0.809016994375058,0.704105936206953,-0.743842278726662,0.172618787945226,0.132882445425517
4.35999999999997,0.770513242775911,0.685051636368675,-0.706044822299557,0.168726202886522,0.14773301695564
4.36999999999997,0.728968627421543,0.663281108570326,-0.665443986817582,0.164163433974553,0.162000555727297
4.37999999999997,0.684547105928829,0.638880270330506,-0.622200000317475,0.158948484236103,0.175628754249134
4.38999999999997,0.637423989748838,0.611945419839536,-0.576483522203426,0.15310193055573,0.18856382819184
4.39999999999997,0.587785252292629,0.582582855967111,-0.528474969822961,0.14664684257142,0.20075472871557
4.40999999999997,0.53582679497916,0.550908458663981,-0.478363806291416,0.139608691706483,0.212153344079048
4.41999999999997,0.481753674101879,0.517047231942064,-0.426347793062272,0.132015250347852,0.222714689227644
4.42999999999997,0.425779291565242,0.481132809640164,-0.372632209443743,0.123896482517274,0.232397082713695
4.43999999999997,0.368124552684855,0.443306929584405,-0.31742904191163,0.115284425578459,0.241162313251234
4.44999999999997,0.309016994375129,0.403718872559283,-0.260956148236216,0.106213063670686,0.248975787993753
4.45999999999997,0.24868988716504,0.362524874459653,-0.203436397068667,0.0967181937445783,0.255806671135564
4.46999999999997,0.187381314585913,0.319887508542247,-0.145096788907018,0.086837284225459,0.261628003860688
4.47999999999997,0.125333233564495,0.275975045249604,-0.086167559748968,0.0766093269077435,0.266416812408379
4.48999999999997,0.0627905195295056,0.230960786483032,-0.0268812728726387,0.0660746837175129,0.270154197327906
4.49999999999997,1.9294872077446e-13,0.185022383117452,0.0325280991737479,0.0552749263951403,0.27282540868634
4.50999999999997,-0.062790519529124,0.138341132977124,0.0918260982838608,0.0442526736697694,0.274419904930754
4.51999999999997,-0.125333233564116,0.0911012654046513,0.150778705107673,0.0330514219475871,0.274931392459911
4.52999999999997,-0.187381314585538,0.0434892150643342,0.209153264296172,0.0217153743895303,0.274357853750037
4.53999999999997,-0.24868988716467,-0.00430711509186588,0.266719400497376,0.0102892661543861,0.272701551559896
4.54999999999997,-0.309016994374766,-0.0520990948352387,0.323249929738585,-0.00118181231210974,0.269969022591237
4.55999999999997,-0.3681245526845,-0.0996981103875681,0.378521754283862,-0.0126525927920912,0.266171051104203
4.56999999999997,-0.425779291564899,-0.146916310142124,0.432316744150191,-0.0240778081421406,0.261322625865926
4.57999999999997,-0.481753674101547,-0.193567345074278,0.484422597593504,-0.0354123713177387,0.255442881201487
4.58999999999997,-0.535826794978834,-0.239467104328067,0.534633679027688,-0.0466115525865561,0.248555022113065
4.59999999999997,-0.58778525229232,-0.284434442188891,0.582751830395091,-0.0576311566436451,0.240686231562555
4.60999999999997,-0.637423989748544,-0.32829189265981,0.628587153534438,-0.0684276968806146,0.231867563994013
4.61999999999997,-0.68454710592855,-0.370866369623463,0.671958759576784,-0.0789585668134923,0.222133823139829
4.62999999999997,-0.728968627421281,-0.411989850516245,0.71269548219267,-0.0891822085601477,0.211523423116277
4.63999999999997,-0.770513242775668,-0.451500039466464,0.750636554240562,-0.0990582764098353,0.200078238364263
4.64999999999997,-0.809016994374835,-0.489241006576367,0.785632241313941,-0.108547796650105,0.187843438087469
4.65999999999997,-0.844327925501912,-0.525063805138525,0.817544433012459,-0.117613320697216,0.174867307176718
4.66999999999997,-0.876306680043771,-0.558827057881316,0.846247187940826,-0.126219073554072,0.161201056505438
4.67999999999997,-0.904827052465938,-0.590397515951048,0.87162723094585,-0.134331094392515,0.146898620602287
4.68999999999997,-0.929776485888182,-0.619650584054313,0.893584399967433,-0.141917371012774,0.132016444900346
4.69999999999997,-0.951056516295095,-0.646470813103103,0.912032041018318,-0.148947966052259,0.116613261862956
4.70999999999997,-0.968583161128584,-0.670752354693418,0.926897351049761,-0.155395135058123,0.10074986129822
4.71999999999996,-0.982287250728641,-0.692399379600015,0.938121664429781,-0.161233435970812,0.084488848858954
4.72999999999996,-0.992114701314446,-0.711326455895976,0.945660684821684,-0.166439829827085,0.067894399098623
4.73999999999996,-0.998026728428256,-0.72745888600867,0.949484659967768,-0.170993771267865,0.051032002691233
4.74999999999996,-1,-0.740733001327791,0.949578499078296,-0.174877289863119,0.033968207887386
4.75999999999996,-0.998026728428287,-0.75109641379297,0.945941832516008,-0.178075060945497,0.0167703577775411
4.76999999999996,-0.992114701314509,-0.758508222456968,0.938589013022051,-0.180574466251306,-0.000493675686223022
4.77999999999996,-0.982287250728736,-0.762939175078224,0.927549059307633,-0.182365643476052,-0.017755759246643
4.78999999999996,-0.968583161128694,-0.764371783328476,0.912865541353743,-0.183441525401453,-0.034947767376186
4.79999999999996,-0.951056516295232,-0.762800391982753,0.894596408552225,-0.183797867637114,-0.052001851067642
4.80999999999996,-0.929776485888345,-0.758231201134112,0.872813760984052,-0.183433265500165,-0.0688507056502251
4.81999999999996,-0.904827052466128,-0.750682241876149,0.84760356496387,-0.182349159442407,-0.085427836354686
4.82999999999996,-0.876306680043986,-0.740183304990099,0.819065313554904,-0.180549829478506,-0.101667820913701
4.83999999999996,-0.844327925502152,-0.72677582339732,0.787311634128903,-0.178042378214255,-0.117506567482672
4.84999999999996,-0.809016994375095,-0.710512708768207,0.752467843840877,-0.174836702783262,-0.132881567710592
4.85999999999996,-0.77051324277595,-0.691458142561597,0.714671454893226,-0.170945455908814,-0.147732143577185
4.86999999999996,-0.728968627421584,-0.669687322765337,0.674071631988313,-0.166383995977587,-0.161999686754611
4.87999999999996,-0.684547105928873,-0.645286167109836,0.630828603747191,-0.16117032617355,-0.175627889536195
4.88999999999996,-0.637423989748885,-0.618350974154972,0.585113030028638,-0.155325023809834,-0.188562967936168
4.89999999999996,-0.587785252292678,-0.588988042756276,0.537105328917949,-0.148871158760565,-0.200753872598892
4.90999999999996,-0.535826794979211,-0.557313253750227,0.48699496409842,-0.141834202598624,-0.212152492250431
4.91999999999996,-0.481753674101938,-0.52345161061233,0.434979697532601,-0.134241928287644,-0.222713841367373
4.92999999999996,-0.4257792915653,-0.487536748362615,0.381264808928147,-0.126124299876623,-0.232396239311091
4.93999999999996,-0.368124552684912,-0.449710404260061,0.326062285497289,-0.11751335503861,-0.241161473801382
4.94999999999996,-0.309016994375187,-0.410121859829508,0.269589985405454,-0.108443078364022,-0.248974952788076
4.95999999999996,-0.248689887165099,-0.3689273510573,0.212070777918943,-0.0989492669390281,-0.255805840077385
4.96999999999996,-0.187381314585973,-0.326289451644391,0.153731664069089,-0.0890693894733769,-0.261627177048679
4.97999999999996,-0.125333233564555,-0.282376431759178,0.0948028803384939,-0.078842438011764,-0.266415989432448
4.98999999999996,-0.062790519529566,-0.237361594260473,0.0355169906677904,-0.0683087746267895,-0.270153378219472
5,-1.22464679914735e-15,-0.191422589843935,-0.0238920321939676,-0.0575099716916802,-0.272824593729583
